username,event_type,event_created_at,repo_name,commit_count
torvalds,PushEvent,2026-06-15T10:27:12Z,torvalds/linux,0
torvalds,PushEvent,2026-06-15T08:50:40Z,torvalds/linux,0
torvalds,PushEvent,2026-06-15T07:39:16Z,torvalds/linux,0
torvalds,PushEvent,2026-06-15T03:44:46Z,torvalds/linux,0
torvalds,PushEvent,2026-06-14T14:46:27Z,torvalds/linux,0
torvalds,PushEvent,2026-06-14T01:24:32Z,torvalds/linux,0
torvalds,PushEvent,2026-06-13T15:28:01Z,torvalds/linux,0
torvalds,PushEvent,2026-06-13T00:54:58Z,torvalds/linux,0
torvalds,PushEvent,2026-06-12T21:14:13Z,torvalds/GuitarPedal,0
torvalds,PushEvent,2026-06-12T20:51:59Z,torvalds/linux,0
torvalds,PushEvent,2026-06-12T20:51:53Z,torvalds/GuitarPedal,0
torvalds,PushEvent,2026-06-12T18:24:36Z,torvalds/linux,0
torvalds,PushEvent,2026-06-12T17:36:11Z,torvalds/linux,0
torvalds,PushEvent,2026-06-12T15:54:56Z,torvalds/linux,0
torvalds,PushEvent,2026-06-11T22:24:54Z,torvalds/GuitarPedal,0
torvalds,PushEvent,2026-06-11T20:57:27Z,torvalds/linux,0
torvalds,PushEvent,2026-06-11T18:29:00Z,torvalds/GuitarPedal,0
torvalds,PushEvent,2026-06-11T03:47:41Z,torvalds/GuitarPedal,0
torvalds,PushEvent,2026-06-11T03:46:41Z,torvalds/GuitarPedal,0
torvalds,PushEvent,2026-06-10T23:22:36Z,torvalds/GuitarPedal,0
torvalds,PushEvent,2026-06-10T20:58:33Z,torvalds/GuitarPedal,0
torvalds,PushEvent,2026-06-10T19:21:28Z,torvalds/linux,0
torvalds,PushEvent,2026-06-10T02:22:04Z,torvalds/GuitarPedal,0
torvalds,PushEvent,2026-06-10T01:49:34Z,torvalds/GuitarPedal,0
torvalds,PushEvent,2026-06-10T00:30:29Z,torvalds/linux,0
torvalds,PushEvent,2026-06-10T00:04:59Z,torvalds/linux,0
torvalds,PushEvent,2026-06-09T20:40:47Z,torvalds/GuitarPedal,0
torvalds,PushEvent,2026-06-09T17:16:22Z,torvalds/GuitarPedal,0
torvalds,PushEvent,2026-06-09T03:36:44Z,torvalds/GuitarPedal,0
torvalds,PushEvent,2026-06-08T23:57:28Z,torvalds/GuitarPedal,0
torvalds,PushEvent,2026-06-08T15:57:49Z,torvalds/GuitarPedal,0
torvalds,PushEvent,2026-06-08T15:03:20Z,torvalds/linux,0
torvalds,PushEvent,2026-06-08T00:08:02Z,torvalds/linux,0
torvalds,PushEvent,2026-06-07T20:42:17Z,torvalds/linux,0
torvalds,PushEvent,2026-06-07T19:05:31Z,torvalds/GuitarPedal,0
torvalds,PushEvent,2026-06-07T15:47:51Z,torvalds/linux,0
torvalds,PushEvent,2026-06-07T04:03:27Z,torvalds/GuitarPedal,0
torvalds,PushEvent,2026-06-07T03:33:06Z,torvalds/GuitarPedal,0
torvalds,PushEvent,2026-06-07T00:02:52Z,torvalds/GuitarPedal,0
torvalds,PushEvent,2026-06-06T23:08:04Z,torvalds/linux,0
torvalds,PushEvent,2026-06-06T22:59:28Z,torvalds/GuitarPedal,0
torvalds,PushEvent,2026-06-06T20:31:57Z,torvalds/GuitarPedal,0
torvalds,PushEvent,2026-06-06T19:18:01Z,torvalds/GuitarPedal,0
torvalds,PushEvent,2026-06-06T16:43:46Z,torvalds/GuitarPedal,0
torvalds,PushEvent,2026-06-06T02:13:37Z,torvalds/GuitarPedal,0
torvalds,PushEvent,2026-06-06T01:36:10Z,torvalds/linux,0
torvalds,PushEvent,2026-06-05T22:14:15Z,torvalds/linux,0
torvalds,PushEvent,2026-06-05T18:20:01Z,torvalds/linux,0
torvalds,PushEvent,2026-06-05T18:15:28Z,torvalds/linux,0
torvalds,PushEvent,2026-06-05T17:32:35Z,torvalds/linux,0
torvalds,PushEvent,2026-06-05T02:32:25Z,torvalds/GuitarPedal,0
torvalds,PushEvent,2026-06-04T22:10:46Z,torvalds/linux,0
torvalds,PushEvent,2026-06-04T20:38:22Z,torvalds/linux,0
torvalds,PushEvent,2026-06-04T19:31:06Z,torvalds/linux,0
torvalds,PushEvent,2026-06-03T02:04:42Z,torvalds/GuitarPedal,0
torvalds,PushEvent,2026-06-03T01:11:23Z,torvalds/GuitarPedal,0
torvalds,PushEvent,2026-06-02T18:08:40Z,torvalds/linux,0
torvalds,PushEvent,2026-06-02T15:52:37Z,torvalds/ScrollWheel,0
torvalds,CreateEvent,2026-06-02T15:51:59Z,torvalds/ScrollWheel,0
torvalds,IssueCommentEvent,2026-06-02T03:22:45Z,torvalds/GuitarPedal,0
torvalds,PullRequestEvent,2026-06-01T22:11:46Z,torvalds/GuitarPedal,0
torvalds,IssueCommentEvent,2026-06-02T03:21:53Z,torvalds/GuitarPedal,0
torvalds,IssueCommentEvent,2026-06-02T03:11:45Z,torvalds/GuitarPedal,0
torvalds,PushEvent,2026-06-02T02:57:43Z,torvalds/linux,0
torvalds,IssueCommentEvent,2026-06-02T02:09:49Z,torvalds/GuitarPedal,0
torvalds,PullRequestEvent,2026-06-01T22:11:46Z,torvalds/GuitarPedal,0
torvalds,PushEvent,2026-06-02T02:08:52Z,torvalds/GuitarPedal,0
torvalds,PushEvent,2026-06-01T22:25:33Z,torvalds/GuitarPedal,0
torvalds,PushEvent,2026-06-01T22:11:46Z,torvalds/GuitarPedal,0
torvalds,PushEvent,2026-06-01T22:04:14Z,torvalds/GuitarPedal,0
torvalds,PushEvent,2026-06-01T21:42:50Z,torvalds/GuitarPedal,0
torvalds,PushEvent,2026-06-01T20:29:11Z,torvalds/GuitarPedal,0
torvalds,PushEvent,2026-06-01T19:55:50Z,torvalds/GuitarPedal,0
torvalds,PushEvent,2026-06-01T19:45:35Z,torvalds/GuitarPedal,0
torvalds,PushEvent,2026-06-01T19:06:54Z,torvalds/GuitarPedal,0
torvalds,PushEvent,2026-06-01T15:37:16Z,torvalds/GuitarPedal,0
torvalds,PushEvent,2026-06-01T05:35:50Z,torvalds/GuitarPedal,0
torvalds,PushEvent,2026-06-01T04:32:33Z,torvalds/GuitarPedal,0
torvalds,PushEvent,2026-06-01T04:02:29Z,torvalds/GuitarPedal,0
torvalds,PushEvent,2026-05-31T23:06:35Z,torvalds/GuitarPedal,0
torvalds,PushEvent,2026-05-31T22:43:37Z,torvalds/GuitarPedal,0
torvalds,PushEvent,2026-05-31T22:24:31Z,torvalds/linux,0
torvalds,PushEvent,2026-05-31T21:48:26Z,torvalds/GuitarPedal,0
torvalds,PushEvent,2026-05-31T21:12:41Z,torvalds/linux,0
torvalds,PushEvent,2026-05-31T00:14:51Z,torvalds/linux,0
torvalds,PushEvent,2026-05-30T22:43:11Z,torvalds/linux,0
torvalds,PushEvent,2026-05-30T19:29:55Z,torvalds/GuitarPedal,0
torvalds,PushEvent,2026-05-30T16:16:21Z,torvalds/linux,0
torvalds,PushEvent,2026-05-30T01:08:41Z,torvalds/linux,0
torvalds,PushEvent,2026-05-29T23:39:46Z,torvalds/linux,0
torvalds,PushEvent,2026-05-29T20:46:48Z,torvalds/GuitarPedal,0
torvalds,PushEvent,2026-05-29T20:12:43Z,torvalds/linux,0
torvalds,PushEvent,2026-05-29T04:43:48Z,torvalds/GuitarPedal,0
torvalds,PushEvent,2026-05-28T23:20:12Z,torvalds/GuitarPedal,0
torvalds,PushEvent,2026-05-28T20:49:14Z,torvalds/linux,0
torvalds,PushEvent,2026-05-26T23:41:14Z,torvalds/linux,0
torvalds,PushEvent,2026-05-26T15:53:49Z,torvalds/linux,0
torvalds,PushEvent,2026-05-25T20:02:35Z,torvalds/linux,0
torvalds,IssueCommentEvent,2026-05-24T23:42:33Z,torvalds/GuitarPedal,0
torvalds,PullRequestEvent,2026-05-23T16:35:19Z,torvalds/GuitarPedal,0
wycats,PushEvent,2026-06-15T05:27:50Z,wycats/penguinmod.github.io,0
wycats,PushEvent,2026-06-15T05:24:55Z,wycats/penguinmod.github.io,0
wycats,PushEvent,2026-06-15T05:20:11Z,wycats/PenguinMod-Packager,0
wycats,PushEvent,2026-06-15T05:16:13Z,wycats/PenguinMod-Packager,0
wycats,CreateEvent,2026-06-15T05:15:17Z,wycats/PenguinMod-Packager,0
wycats,ForkEvent,2026-06-15T05:15:09Z,PenguinMod/PenguinMod-Packager,0
wycats,PushEvent,2026-06-15T05:03:44Z,wycats/penguinmod.github.io,0
wycats,PushEvent,2026-06-15T05:00:00Z,wycats/penguinmod.github.io,0
wycats,PushEvent,2026-06-15T04:51:53Z,wycats/penguinmod.github.io,0
wycats,PushEvent,2026-06-15T04:49:13Z,wycats/penguinmod.github.io,0
wycats,PushEvent,2026-06-15T03:07:06Z,wycats/penguinmod.github.io,0
wycats,PushEvent,2026-06-15T02:01:54Z,wycats/penguinmod.github.io,0
wycats,PushEvent,2026-06-15T01:58:56Z,wycats/penguinmod.github.io,0
wycats,CreateEvent,2026-06-15T01:48:03Z,wycats/PenguinMod-Docs,0
wycats,CreateEvent,2026-06-15T01:48:01Z,wycats/PenguinMod-ExtensionsGallery,0
wycats,ForkEvent,2026-06-15T01:48:01Z,PenguinMod/PenguinMod-Docs,0
wycats,ForkEvent,2026-06-15T01:47:58Z,PenguinMod/PenguinMod-ExtensionsGallery,0
wycats,PushEvent,2026-06-15T00:29:18Z,wycats/penguinmod-svg-renderer,0
wycats,PushEvent,2026-06-15T00:29:17Z,wycats/PenguinMod-Paint,0
wycats,PushEvent,2026-06-15T00:29:15Z,wycats/PenguinMod-Render,0
wycats,PushEvent,2026-06-15T00:29:14Z,wycats/PenguinMod-Vm,0
wycats,PushEvent,2026-06-15T00:29:13Z,wycats/penguinmod.github.io,0
wycats,CreateEvent,2026-06-15T00:24:14Z,wycats/PenguinMod-MarkDown,0
wycats,CreateEvent,2026-06-15T00:24:13Z,wycats/penguinmod-svg-renderer,0
wycats,ForkEvent,2026-06-15T00:24:11Z,PenguinMod/penguinmod-svg-renderer,0
wycats,CreateEvent,2026-06-15T00:24:11Z,wycats/penguinmod-render-fonts,0
wycats,ForkEvent,2026-06-15T00:24:08Z,PenguinMod/penguinmod-render-fonts,0
wycats,CreateEvent,2026-06-15T00:24:09Z,wycats/PenguinMod-Parser,0
wycats,CreateEvent,2026-06-15T00:24:07Z,wycats/PenguinMod-Storage,0
wycats,ForkEvent,2026-06-15T00:24:05Z,PenguinMod/PenguinMod-Storage,0
wycats,CreateEvent,2026-06-15T00:24:05Z,wycats/PenguinMod-Paint,0
wycats,ForkEvent,2026-06-15T00:24:02Z,PenguinMod/PenguinMod-Paint,0
wycats,CreateEvent,2026-06-15T00:24:02Z,wycats/PenguinMod-Audio,0
wycats,ForkEvent,2026-06-15T00:24:00Z,PenguinMod/PenguinMod-Audio,0
wycats,CreateEvent,2026-06-15T00:24:00Z,wycats/PenguinMod-Render,0
wycats,ForkEvent,2026-06-15T00:23:58Z,PenguinMod/PenguinMod-Render,0
wycats,CreateEvent,2026-06-15T00:23:58Z,wycats/PenguinMod-Blocks,0
wycats,ForkEvent,2026-06-15T00:23:56Z,PenguinMod/PenguinMod-Blocks,0
wycats,CreateEvent,2026-06-15T00:23:55Z,wycats/penguinmod.github.io,0
wycats,CreateEvent,2026-06-15T00:23:55Z,wycats/PenguinMod-Vm,0
wycats,ForkEvent,2026-06-15T00:23:52Z,PenguinMod/penguinmod.github.io,0
wycats,ForkEvent,2026-06-15T00:22:22Z,PenguinMod/PenguinMod-Vm,0
wycats,ForkEvent,2026-06-15T00:19:36Z,PenguinMod/PenguinMod-Parser,0
wycats,ForkEvent,2026-06-15T00:18:02Z,PenguinMod/PenguinMod-MarkDown,0
wycats,PushEvent,2026-06-13T22:28:06Z,wycats/PenguinMod-BackendApi,0
wycats,PushEvent,2026-06-13T20:59:35Z,wycats/PenguinMod-BackendApi,0
wycats,PushEvent,2026-06-13T20:48:34Z,wycats/PenguinMod-BackendApi,0
wycats,PushEvent,2026-06-13T20:36:21Z,wycats/PenguinMod-BackendApi,0
wycats,PushEvent,2026-06-13T20:04:00Z,wycats/PenguinMod-BackendApi,0
wycats,PushEvent,2026-06-13T19:54:35Z,wycats/PenguinMod-BackendApi,0
wycats,PushEvent,2026-06-13T19:47:45Z,wycats/PenguinMod-BackendApi,0
wycats,PushEvent,2026-06-13T19:45:05Z,wycats/PenguinMod-BackendApi,0
wycats,PushEvent,2026-06-13T19:40:52Z,wycats/PenguinMod-HomeNew,0
wycats,ForkEvent,2026-06-13T19:30:25Z,PenguinMod/PenguinMod-BackendApi,0
wycats,ForkEvent,2026-06-13T19:29:31Z,PenguinMod/PenguinMod-HomeNew,0
wycats,IssuesEvent,2026-06-13T01:31:49Z,openai/codex,0
wycats,DeleteEvent,2026-06-13T00:31:51Z,wycats/vscode-ai-plugin,0
wycats,PushEvent,2026-06-13T00:31:49Z,wycats/vscode-ai-plugin,0
wycats,PullRequestEvent,2026-06-13T00:31:48Z,wycats/vscode-ai-plugin,0
wycats,CreateEvent,2026-06-13T00:30:36Z,wycats/codex,0
wycats,ForkEvent,2026-06-13T00:30:33Z,openai/codex,0
wycats,IssueCommentEvent,2026-06-13T00:24:51Z,wycats/vscode-ai-plugin,0
wycats,PullRequestEvent,2026-06-12T22:17:01Z,wycats/vscode-ai-plugin,0
wycats,CreateEvent,2026-06-12T22:16:51Z,wycats/vscode-ai-plugin,0
wycats,PullRequestEvent,2026-06-12T21:23:50Z,wycats/vscode-ai-plugin,0
wycats,IssueCommentEvent,2026-06-12T20:57:43Z,wycats/vscode-ai-plugin,0
wycats,PullRequestEvent,2026-06-12T20:22:28Z,wycats/vscode-ai-plugin,0
wycats,PullRequestEvent,2026-06-12T20:00:57Z,wycats/vscode-ai-plugin,0
wycats,PullRequestEvent,2026-06-12T19:07:17Z,wycats/vscode-ai-plugin,0
wycats,IssueCommentEvent,2026-06-05T00:50:54Z,wycats/locald,0
wycats,PullRequestEvent,2026-06-04T22:12:26Z,wycats/locald,0
wycats,PullRequestEvent,2026-06-04T20:15:59Z,wycats/locald,0
wycats,PullRequestEvent,2026-06-03T20:07:06Z,wycats/locald,0
wycats,PullRequestEvent,2026-06-02T20:52:37Z,wycats/learn-code,0
wycats,PullRequestEvent,2026-06-02T20:32:59Z,wycats/learn-code,0
wycats,PullRequestEvent,2026-06-02T05:01:31Z,wycats/learn-code,0
wycats,PullRequestEvent,2026-06-02T02:55:25Z,wycats/learn-code,0
wycats,PullRequestEvent,2026-06-02T00:50:09Z,wycats/learn-code,0
wycats,PullRequestReviewCommentEvent,2026-06-02T00:29:58Z,wycats/learn-code,0
wycats,PullRequestReviewEvent,2026-06-02T00:29:59Z,wycats/learn-code,0
wycats,PullRequestReviewCommentEvent,2026-06-02T00:01:05Z,wycats/learn-code,0
wycats,PullRequestReviewEvent,2026-06-02T00:01:05Z,wycats/learn-code,0
wycats,PullRequestReviewCommentEvent,2026-06-01T23:49:15Z,wycats/learn-code,0
wycats,PullRequestReviewEvent,2026-06-01T23:49:16Z,wycats/learn-code,0
wycats,PullRequestReviewCommentEvent,2026-06-01T23:04:56Z,wycats/learn-code,0
wycats,PullRequestReviewEvent,2026-06-01T23:04:56Z,wycats/learn-code,0
wycats,PullRequestReviewEvent,2026-06-01T23:04:34Z,wycats/learn-code,0
wycats,PullRequestReviewCommentEvent,2026-06-01T23:04:33Z,wycats/learn-code,0
wycats,PullRequestReviewCommentEvent,2026-06-01T23:04:20Z,wycats/learn-code,0
wycats,PullRequestReviewEvent,2026-06-01T23:04:21Z,wycats/learn-code,0
wycats,PullRequestEvent,2026-06-01T22:50:27Z,wycats/learn-code,0
wycats,PullRequestEvent,2026-06-01T21:59:46Z,wycats/vscode-ai-plugin,0
wycats,PullRequestEvent,2026-06-01T21:39:27Z,wycats/vscode-ai-plugin,0
wycats,PullRequestEvent,2026-06-01T20:13:39Z,starbeamjs/starbeam,0
wycats,PullRequestEvent,2026-06-01T19:44:50Z,starbeamjs/starbeam,0
wycats,PullRequestEvent,2026-06-01T18:53:10Z,starbeamjs/starbeam,0
wycats,PullRequestEvent,2026-05-31T18:41:21Z,starbeamjs/starbeam,0
wycats,PullRequestEvent,2026-05-29T22:13:12Z,starbeamjs/starbeam,0
wycats,PullRequestEvent,2026-05-29T19:18:53Z,starbeamjs/starbeam,0
wycats,PullRequestEvent,2026-05-29T20:00:19Z,starbeamjs/starbeam,0
kennethreitz,PushEvent,2026-06-14T18:29:51Z,kennethreitz/pytheory,0
kennethreitz,PushEvent,2026-06-14T18:27:51Z,kennethreitz/pytheory,0
kennethreitz,PushEvent,2026-06-14T18:23:38Z,kennethreitz/pytheory,0
kennethreitz,PushEvent,2026-06-14T18:21:31Z,kennethreitz/pytheory,0
kennethreitz,PushEvent,2026-06-14T18:19:16Z,kennethreitz/pytheory,0
kennethreitz,PushEvent,2026-06-14T18:17:48Z,kennethreitz/pytheory,0
kennethreitz,PushEvent,2026-06-14T18:16:51Z,kennethreitz/pytheory,0
kennethreitz,PushEvent,2026-06-14T18:16:12Z,kennethreitz/pytheory,0
kennethreitz,PushEvent,2026-06-14T18:15:14Z,kennethreitz/pytheory,0
kennethreitz,PushEvent,2026-06-14T18:14:10Z,kennethreitz/pytheory,0
kennethreitz,PushEvent,2026-06-14T18:11:48Z,kennethreitz/pytheory-skill,0
kennethreitz,PushEvent,2026-06-14T18:11:47Z,kennethreitz/pytheory,0
kennethreitz,PushEvent,2026-06-14T18:10:40Z,kennethreitz/pytheory-skill,0
kennethreitz,ReleaseEvent,2026-06-14T18:10:29Z,kennethreitz/pytheory,0
kennethreitz,PushEvent,2026-06-14T18:10:19Z,kennethreitz/pytheory,0
kennethreitz,PushEvent,2026-06-14T18:09:35Z,kennethreitz/pytheory-skill,0
kennethreitz,PushEvent,2026-06-14T18:09:34Z,kennethreitz/pytheory,0
kennethreitz,PullRequestEvent,2026-06-14T18:08:39Z,kennethreitz/pytheory,0
kennethreitz,DeleteEvent,2026-06-14T18:08:41Z,kennethreitz/pytheory,0
kennethreitz,PushEvent,2026-06-14T18:08:40Z,kennethreitz/pytheory,0
kennethreitz,PullRequestEvent,2026-06-14T18:08:10Z,kennethreitz/pytheory,0
kennethreitz,CreateEvent,2026-06-14T18:07:54Z,kennethreitz/pytheory,0
kennethreitz,PushEvent,2026-06-14T17:53:25Z,kennethreitz/pytheory-skill,0
kennethreitz,PushEvent,2026-06-14T17:53:25Z,kennethreitz/pytheory,0
kennethreitz,PushEvent,2026-06-14T17:47:17Z,kennethreitz/pytheory-skill,0
kennethreitz,PushEvent,2026-06-14T17:47:16Z,kennethreitz/pytheory,0
kennethreitz,PushEvent,2026-06-14T17:41:18Z,kennethreitz/pytheory,0
kennethreitz,PushEvent,2026-06-14T17:41:18Z,kennethreitz/pytheory-skill,0
kennethreitz,PushEvent,2026-06-14T17:30:39Z,kennethreitz/pytheory-skill,0
kennethreitz,PushEvent,2026-06-14T17:30:38Z,kennethreitz/pytheory,0
kennethreitz,PushEvent,2026-06-14T17:28:40Z,kennethreitz/pytheory-skill,0
kennethreitz,PushEvent,2026-06-14T17:28:39Z,kennethreitz/pytheory,0
kennethreitz,PullRequestEvent,2026-06-14T17:20:09Z,kennethreitz/pytheory,0
kennethreitz,DeleteEvent,2026-06-14T17:20:10Z,kennethreitz/pytheory,0
kennethreitz,PushEvent,2026-06-14T17:20:09Z,kennethreitz/pytheory,0
kennethreitz,PushEvent,2026-06-14T17:18:49Z,kennethreitz/pytheory-skill,0
kennethreitz,PushEvent,2026-06-14T17:18:48Z,kennethreitz/pytheory,0
kennethreitz,PullRequestEvent,2026-06-14T17:15:35Z,kennethreitz/pytheory,0
kennethreitz,CreateEvent,2026-06-14T17:15:34Z,kennethreitz/pytheory,0
kennethreitz,CreateEvent,2026-06-14T17:15:20Z,kennethreitz/pytheory-skill,0
kennethreitz,PushEvent,2026-06-14T16:49:26Z,kennethreitz/pytheory-playground,0
kennethreitz,PushEvent,2026-06-14T16:44:45Z,kennethreitz/pytheory-playground,0
kennethreitz,IssuesEvent,2026-06-14T15:17:04Z,kennethreitz/pytheory,0
kennethreitz,IssueCommentEvent,2026-06-14T15:17:02Z,kennethreitz/pytheory,0
kennethreitz,IssuesEvent,2026-06-14T15:17:03Z,kennethreitz/pytheory,0
kennethreitz,IssueCommentEvent,2026-06-14T15:17:01Z,kennethreitz/pytheory,0
kennethreitz,IssuesEvent,2026-06-14T15:17:01Z,kennethreitz/pytheory,0
kennethreitz,IssueCommentEvent,2026-06-14T15:16:59Z,kennethreitz/pytheory,0
kennethreitz,ReleaseEvent,2026-06-14T15:16:50Z,kennethreitz/pytheory,0
kennethreitz,PushEvent,2026-06-14T15:16:42Z,kennethreitz/pytheory,0
kennethreitz,PullRequestEvent,2026-06-14T15:15:42Z,kennethreitz/pytheory,0
kennethreitz,PushEvent,2026-06-14T15:15:43Z,kennethreitz/pytheory,0
kennethreitz,PullRequestEvent,2026-06-14T15:14:25Z,kennethreitz/pytheory,0
kennethreitz,CreateEvent,2026-06-14T15:14:12Z,kennethreitz/pytheory,0
kennethreitz,IssuesEvent,2026-06-14T15:07:58Z,kennethreitz/pytheory,0
kennethreitz,IssueCommentEvent,2026-06-14T15:05:02Z,kennethreitz/pytheory,0
kennethreitz,IssueCommentEvent,2026-06-14T15:05:01Z,kennethreitz/pytheory,0
kennethreitz,PushEvent,2026-06-14T14:53:31Z,kennethreitz/pytheory,0
kennethreitz,IssuesEvent,2026-06-14T14:48:25Z,kennethreitz/pytheory,0
kennethreitz,PullRequestEvent,2026-05-19T22:49:18Z,kennethreitz/pytheory,0
kennethreitz,PullRequestEvent,2026-05-29T14:54:09Z,kennethreitz/pytheory,0
kennethreitz,PullRequestEvent,2026-06-12T04:28:38Z,kennethreitz/pytheory,0
kennethreitz,PushEvent,2026-06-14T14:44:45Z,kennethreitz/pytheory-playground,0
kennethreitz,PushEvent,2026-06-14T14:44:04Z,kennethreitz/pytheory-playground,0
kennethreitz,PushEvent,2026-06-14T14:42:30Z,kennethreitz/pytheory-playground,0
kennethreitz,PushEvent,2026-06-14T02:02:28Z,kennethreitz/pytheory-playground,0
kennethreitz,PushEvent,2026-06-13T02:59:37Z,kennethreitz/pytheory-playground,0
kennethreitz,PushEvent,2026-06-12T16:43:43Z,kennethreitz/pytheory,0
kennethreitz,PushEvent,2026-06-12T15:59:21Z,kennethreitz/ableton-pytheory,0
kennethreitz,PushEvent,2026-06-12T15:44:19Z,kennethreitz/rhymepad.org,0
kennethreitz,ReleaseEvent,2026-06-12T15:42:20Z,kennethreitz/ableton-pytheory,0
kennethreitz,PushEvent,2026-06-12T15:42:15Z,kennethreitz/ableton-pytheory,0
kennethreitz,ReleaseEvent,2026-06-12T15:37:21Z,kennethreitz/ableton-pytheory,0
kennethreitz,PushEvent,2026-06-12T15:37:15Z,kennethreitz/ableton-pytheory,0
kennethreitz,WatchEvent,2026-06-12T15:28:19Z,kennethreitz/ableton-pytheory,0
kennethreitz,ReleaseEvent,2026-06-12T15:25:22Z,kennethreitz/ableton-pytheory,0
kennethreitz,PushEvent,2026-06-12T15:25:06Z,kennethreitz/ableton-pytheory,0
kennethreitz,PushEvent,2026-06-12T15:20:24Z,kennethreitz/rhymepad.org,0
kennethreitz,PushEvent,2026-06-12T15:17:06Z,kennethreitz/ableton-pytheory,0
kennethreitz,PushEvent,2026-06-12T15:08:11Z,kennethreitz/pytheory-playground,0
kennethreitz,PushEvent,2026-06-12T14:48:20Z,kennethreitz/ableton-pytheory,0
kennethreitz,PushEvent,2026-06-12T14:39:26Z,kennethreitz/ableton-pytheory,0
kennethreitz,PushEvent,2026-06-12T14:36:00Z,kennethreitz/ableton-pytheory,0
kennethreitz,PushEvent,2026-06-12T14:31:35Z,kennethreitz/ableton-pytheory,0
kennethreitz,PushEvent,2026-06-12T14:29:55Z,kennethreitz/ableton-pytheory,0
kennethreitz,PushEvent,2026-06-12T14:22:00Z,kennethreitz/ableton-pytheory,0
kennethreitz,PushEvent,2026-06-12T14:15:28Z,kennethreitz/ableton-pytheory,0
kennethreitz,PushEvent,2026-06-12T14:09:31Z,kennethreitz/ableton-pytheory,0
kennethreitz,CreateEvent,2026-06-12T13:57:36Z,kennethreitz/ableton-pytheory,0
kennethreitz,PushEvent,2026-06-12T11:48:55Z,kennethreitz/pytheory-playground,0
kennethreitz,PushEvent,2026-06-12T11:40:15Z,kennethreitz/pytheory-playground,0
kennethreitz,PushEvent,2026-06-12T11:35:53Z,kennethreitz/pytheory,0
kennethreitz,ReleaseEvent,2026-06-12T11:28:39Z,kennethreitz/pytheory,0
kennethreitz,PushEvent,2026-06-12T11:28:25Z,kennethreitz/pytheory,0
kennethreitz,PushEvent,2026-06-12T11:22:17Z,kennethreitz/rhymepad.org,0
kennethreitz,PushEvent,2026-06-12T11:17:47Z,kennethreitz/rhymepad.org,0
kennethreitz,PushEvent,2026-06-12T11:12:08Z,kennethreitz/rhymepad.org,0
kennethreitz,ReleaseEvent,2026-06-12T11:10:14Z,kennethreitz/pytheory,0
kennethreitz,PushEvent,2026-06-12T11:10:03Z,kennethreitz/pytheory,0
kennethreitz,PushEvent,2026-06-12T11:09:03Z,kennethreitz/rhymepad.org,0
gaearon,IssueCommentEvent,2026-06-12T13:01:20Z,bluesky-social/social-app,0
addyosmani,PushEvent,2026-06-14T09:08:36Z,addyosmani/web-quality-skills,0
addyosmani,IssueCommentEvent,2026-06-14T08:50:15Z,addyosmani/agent-skills,0
addyosmani,PullRequestEvent,2026-06-13T01:41:58Z,addyosmani/agent-skills,0
addyosmani,PushEvent,2026-06-14T08:41:46Z,addyosmani/agent-skills,0
addyosmani,IssueCommentEvent,2026-06-14T08:39:19Z,addyosmani/agent-skills,0
addyosmani,PushEvent,2026-06-14T08:38:35Z,addyosmani/agent-skills,0
addyosmani,IssueCommentEvent,2026-06-14T08:38:30Z,addyosmani/agent-skills,0
addyosmani,PushEvent,2026-06-14T08:36:03Z,addyosmani/agent-skills,0
addyosmani,IssueCommentEvent,2026-06-14T08:35:57Z,addyosmani/agent-skills,0
addyosmani,PushEvent,2026-06-14T08:34:56Z,addyosmani/agent-skills,0
addyosmani,PushEvent,2026-06-14T08:34:35Z,addyosmani/agent-skills,0
addyosmani,IssuesEvent,2026-06-14T08:34:35Z,addyosmani/agent-skills,0
addyosmani,DeleteEvent,2026-06-13T05:16:08Z,GoogleChromeLabs/quicklink,0
addyosmani,PushEvent,2026-06-13T05:16:07Z,GoogleChromeLabs/quicklink,0
addyosmani,PullRequestReviewEvent,2026-06-13T05:15:30Z,GoogleChromeLabs/quicklink,0
addyosmani,PullRequestReviewEvent,2026-06-13T05:15:01Z,GoogleChromeLabs/quicklink,0
addyosmani,PullRequestReviewEvent,2026-06-13T05:04:10Z,GoogleChromeLabs/quicklink,0
addyosmani,PullRequestEvent,2026-06-12T22:09:07Z,addyosmani/agent-skills,0
addyosmani,IssueCommentEvent,2026-06-12T22:59:58Z,addyosmani/agent-skills,0
addyosmani,PullRequestEvent,2026-06-12T15:08:32Z,addyosmani/agent-skills,0
addyosmani,IssueCommentEvent,2026-06-12T22:59:18Z,addyosmani/agent-skills,0
addyosmani,PullRequestReviewEvent,2026-06-12T22:58:57Z,addyosmani/agent-skills,0
addyosmani,PullRequestReviewEvent,2026-06-12T22:58:22Z,addyosmani/agent-skills,0
addyosmani,ReleaseEvent,2026-06-11T01:41:28Z,addyosmani/agent-skills,0
addyosmani,PushEvent,2026-06-11T01:39:46Z,addyosmani/agent-skills,0
addyosmani,PushEvent,2026-06-11T01:38:01Z,addyosmani/agent-skills,0
addyosmani,IssuesEvent,2026-06-11T01:38:01Z,addyosmani/agent-skills,0
addyosmani,PushEvent,2026-06-11T01:37:29Z,hk1997/agent-skills,0
addyosmani,IssueCommentEvent,2026-06-11T01:36:23Z,addyosmani/agent-skills,0
addyosmani,PushEvent,2026-06-11T01:28:52Z,addyosmani/agent-skills,0
addyosmani,PushEvent,2026-06-11T01:19:33Z,addyosmani/agent-skills,0
addyosmani,PullRequestEvent,2026-06-10T17:36:44Z,addyosmani/agent-skills,0
addyosmani,IssueCommentEvent,2026-06-11T00:07:42Z,addyosmani/agent-skills,0
addyosmani,PushEvent,2026-06-11T00:05:13Z,addyosmani/agent-skills,0
addyosmani,IssueCommentEvent,2026-06-11T00:04:21Z,addyosmani/agent-skills,0
addyosmani,PushEvent,2026-06-11T00:01:05Z,addyosmani/agent-skills,0
addyosmani,IssuesEvent,2026-06-11T00:01:06Z,addyosmani/agent-skills,0
addyosmani,IssueCommentEvent,2026-06-11T00:01:01Z,addyosmani/agent-skills,0
addyosmani,IssueCommentEvent,2026-06-10T02:38:27Z,addyosmani/agent-skills,0
addyosmani,IssueCommentEvent,2026-06-10T02:24:58Z,addyosmani/agent-skills,0
addyosmani,PushEvent,2026-06-10T02:21:43Z,addyosmani/agent-skills,0
addyosmani,PullRequestEvent,2026-06-10T02:21:42Z,addyosmani/agent-skills,0
addyosmani,IssueCommentEvent,2026-06-10T02:16:29Z,addyosmani/agent-skills,0
addyosmani,IssueCommentEvent,2026-06-09T15:00:09Z,addyosmani/agent-skills,0
addyosmani,PushEvent,2026-06-09T15:00:14Z,addyosmani/agent-skills,0
addyosmani,IssueCommentEvent,2026-06-07T22:33:51Z,addyosmani/agent-skills,0
addyosmani,PushEvent,2026-06-07T22:33:30Z,addyosmani/agent-skills,0
addyosmani,PushEvent,2026-06-07T22:31:07Z,addyosmani/agent-skills,0
addyosmani,PullRequestEvent,2026-06-07T22:31:06Z,addyosmani/agent-skills,0
addyosmani,IssueCommentEvent,2026-06-07T22:26:50Z,addyosmani/agent-skills,0
addyosmani,PushEvent,2026-06-07T22:26:35Z,addyosmani/agent-skills,0
addyosmani,IssueCommentEvent,2026-06-07T21:13:23Z,addyosmani/agent-skills,0
addyosmani,IssueCommentEvent,2026-06-07T18:37:45Z,addyosmani/agent-skills,0
addyosmani,PushEvent,2026-06-07T18:36:32Z,addyosmani/agent-skills,0
addyosmani,PushEvent,2026-06-06T23:35:54Z,tastejs/todomvc,0
addyosmani,ReleaseEvent,2026-06-06T23:31:55Z,tastejs/todomvc,0
addyosmani,IssueCommentEvent,2026-06-06T21:43:01Z,addyosmani/agent-skills,0
addyosmani,PushEvent,2026-06-06T21:42:35Z,addyosmani/agent-skills,0
addyosmani,PullRequestEvent,2026-06-06T17:46:06Z,addyosmani/agent-skills,0
addyosmani,CreateEvent,2026-06-06T17:45:32Z,addyosmani/agent-skills,0
addyosmani,IssueCommentEvent,2026-06-06T05:00:49Z,addyosmani/agent-skills,0
addyosmani,PullRequestEvent,2026-06-06T05:00:27Z,addyosmani/agent-skills,0
addyosmani,CreateEvent,2026-06-06T04:58:21Z,addyosmani/agent-skills,0
addyosmani,PullRequestEvent,2026-06-06T01:00:13Z,addyosmani/agent-skills,0
addyosmani,PushEvent,2026-06-06T01:00:14Z,addyosmani/agent-skills,0
addyosmani,IssuesEvent,2026-06-06T01:00:14Z,addyosmani/agent-skills,0
addyosmani,CreateEvent,2026-06-02T16:16:01Z,addyosmani/agent-skills,0
addyosmani,PullRequestEvent,2026-06-02T16:16:07Z,addyosmani/agent-skills,0
addyosmani,PushEvent,2026-05-28T06:47:32Z,addyosmani/agent-skills,0
addyosmani,PullRequestReviewEvent,2026-05-28T06:47:25Z,addyosmani/agent-skills,0
addyosmani,IssueCommentEvent,2026-05-27T06:26:11Z,addyosmani/agent-skills,0
addyosmani,PullRequestEvent,2026-05-08T16:58:14Z,addyosmani/agent-skills,0
addyosmani,IssueCommentEvent,2026-05-27T06:25:55Z,addyosmani/agent-skills,0
addyosmani,PullRequestEvent,2026-04-25T13:34:44Z,addyosmani/agent-skills,0
addyosmani,IssueCommentEvent,2026-05-27T06:25:21Z,addyosmani/agent-skills,0
addyosmani,PullRequestEvent,2026-05-23T21:16:36Z,addyosmani/agent-skills,0
addyosmani,PullRequestEvent,2026-05-25T09:21:15Z,addyosmani/agent-skills,0
addyosmani,IssueCommentEvent,2026-05-27T06:24:42Z,addyosmani/agent-skills,0
addyosmani,PullRequestEvent,2026-05-26T08:12:51Z,addyosmani/agent-skills,0
addyosmani,IssueCommentEvent,2026-05-27T06:24:04Z,addyosmani/agent-skills,0
addyosmani,IssueCommentEvent,2026-05-27T05:54:13Z,addyosmani/agent-skills,0
addyosmani,PullRequestEvent,2026-04-06T18:57:09Z,addyosmani/agent-skills,0
addyosmani,IssueCommentEvent,2026-05-24T21:14:02Z,addyosmani/agent-skills,0
addyosmani,PullRequestEvent,2026-05-09T06:48:50Z,addyosmani/agent-skills,0
addyosmani,IssueCommentEvent,2026-05-24T21:13:35Z,addyosmani/agent-skills,0
addyosmani,PullRequestEvent,2026-05-09T06:38:04Z,addyosmani/agent-skills,0
addyosmani,IssueCommentEvent,2026-05-24T21:11:57Z,addyosmani/agent-skills,0
addyosmani,PullRequestEvent,2026-05-09T06:46:25Z,addyosmani/agent-skills,0
addyosmani,IssueCommentEvent,2026-05-24T21:10:06Z,addyosmani/agent-skills,0
addyosmani,PullRequestEvent,2026-05-09T06:45:01Z,addyosmani/agent-skills,0
addyosmani,PushEvent,2026-05-24T21:03:16Z,addyosmani/agent-skills,0
addyosmani,PullRequestEvent,2026-05-18T06:06:50Z,addyosmani/agent-skills,0
addyosmani,PullRequestReviewEvent,2026-05-24T21:03:12Z,addyosmani/agent-skills,0
addyosmani,IssueCommentEvent,2026-05-24T21:02:12Z,addyosmani/agent-skills,0
addyosmani,PullRequestEvent,2026-05-20T02:09:17Z,addyosmani/agent-skills,0
addyosmani,IssueCommentEvent,2026-05-24T21:01:37Z,addyosmani/agent-skills,0
addyosmani,PullRequestEvent,2026-05-22T12:13:49Z,addyosmani/agent-skills,0
addyosmani,IssueCommentEvent,2026-05-24T21:01:11Z,addyosmani/agent-skills,0
addyosmani,PullRequestEvent,2026-05-09T08:09:10Z,addyosmani/agent-skills,0
addyosmani,PushEvent,2026-05-24T20:58:22Z,addyosmani/agent-skills,0
sindresorhus,DeleteEvent,2026-06-15T10:00:03Z,sindresorhus/eslint-plugin-unicorn,0
sindresorhus,PullRequestEvent,2026-06-15T10:00:00Z,sindresorhus/eslint-plugin-unicorn,0
sindresorhus,PushEvent,2026-06-15T10:00:02Z,sindresorhus/eslint-plugin-unicorn,0
sindresorhus,PullRequestEvent,2026-06-15T09:30:14Z,sindresorhus/eslint-plugin-unicorn,0
sindresorhus,CreateEvent,2026-06-15T09:29:59Z,sindresorhus/eslint-plugin-unicorn,0
sindresorhus,IssuesEvent,2026-06-15T09:11:47Z,sindresorhus/eslint-plugin-unicorn,0
sindresorhus,IssueCommentEvent,2026-06-15T09:11:45Z,sindresorhus/eslint-plugin-unicorn,0
sindresorhus,IssueCommentEvent,2026-06-15T08:58:42Z,sindresorhus/eslint-plugin-unicorn,0
sindresorhus,IssuesEvent,2026-06-15T08:05:22Z,sindresorhus/eslint-plugin-unicorn,0
sindresorhus,PushEvent,2026-06-15T08:05:20Z,sindresorhus/eslint-plugin-unicorn,0
sindresorhus,DeleteEvent,2026-06-15T07:35:32Z,sindresorhus/eslint-plugin-unicorn,0
sindresorhus,PushEvent,2026-06-15T07:35:30Z,sindresorhus/eslint-plugin-unicorn,0
sindresorhus,IssuesEvent,2026-06-15T07:35:30Z,sindresorhus/eslint-plugin-unicorn,0
sindresorhus,PullRequestEvent,2026-06-15T07:35:29Z,sindresorhus/eslint-plugin-unicorn,0
sindresorhus,PushEvent,2026-06-15T07:02:10Z,sindresorhus/eslint-plugin-unicorn,0
sindresorhus,PullRequestEvent,2026-06-15T06:58:46Z,sindresorhus/eslint-plugin-unicorn,0
sindresorhus,CreateEvent,2026-06-15T06:58:44Z,sindresorhus/eslint-plugin-unicorn,0
sindresorhus,DeleteEvent,2026-06-15T06:57:16Z,sindresorhus/eslint-plugin-unicorn,0
sindresorhus,PushEvent,2026-06-15T06:57:15Z,sindresorhus/eslint-plugin-unicorn,0
sindresorhus,IssuesEvent,2026-06-15T06:57:15Z,sindresorhus/eslint-plugin-unicorn,0
sindresorhus,PullRequestEvent,2026-06-15T06:57:14Z,sindresorhus/eslint-plugin-unicorn,0
sindresorhus,IssueCommentEvent,2026-06-15T06:22:54Z,sindresorhus/eslint-plugin-unicorn,0
sindresorhus,IssueCommentEvent,2026-06-15T06:13:52Z,sindresorhus/eslint-plugin-unicorn,0
sindresorhus,PushEvent,2026-06-15T06:01:27Z,sindresorhus/eslint-plugin-unicorn,0
sindresorhus,PushEvent,2026-06-14T23:24:00Z,sindresorhus/eslint-plugin-unicorn,0
sindresorhus,IssuesEvent,2026-06-14T23:22:55Z,sindresorhus/eslint-plugin-unicorn,0
sindresorhus,IssueCommentEvent,2026-06-14T23:22:54Z,sindresorhus/eslint-plugin-unicorn,0
sindresorhus,IssuesEvent,2026-06-14T23:07:53Z,sindresorhus/eslint-plugin-unicorn,0
sindresorhus,PushEvent,2026-06-14T23:07:52Z,sindresorhus/eslint-plugin-unicorn,0
sindresorhus,IssueCommentEvent,2026-06-14T23:02:15Z,sindresorhus/eslint-plugin-unicorn,0
sindresorhus,DeleteEvent,2026-06-14T22:57:06Z,sindresorhus/eslint-plugin-unicorn,0
sindresorhus,PushEvent,2026-06-14T22:57:05Z,sindresorhus/eslint-plugin-unicorn,0
sindresorhus,IssuesEvent,2026-06-14T22:57:05Z,sindresorhus/eslint-plugin-unicorn,0
sindresorhus,PullRequestEvent,2026-06-14T22:57:04Z,sindresorhus/eslint-plugin-unicorn,0
sindresorhus,DeleteEvent,2026-06-14T22:44:53Z,sindresorhus/eslint-plugin-unicorn,0
sindresorhus,PullRequestEvent,2026-06-14T22:44:51Z,sindresorhus/eslint-plugin-unicorn,0
sindresorhus,PushEvent,2026-06-14T22:44:52Z,sindresorhus/eslint-plugin-unicorn,0
sindresorhus,IssuesEvent,2026-06-14T22:44:52Z,sindresorhus/eslint-plugin-unicorn,0
sindresorhus,PullRequestEvent,2026-06-14T22:42:05Z,sindresorhus/eslint-plugin-unicorn,0
sindresorhus,CreateEvent,2026-06-14T22:42:04Z,sindresorhus/eslint-plugin-unicorn,0
sindresorhus,PushEvent,2026-06-14T22:39:52Z,sindresorhus/eslint-plugin-unicorn,0
sindresorhus,DeleteEvent,2026-06-14T22:33:56Z,sindresorhus/eslint-plugin-unicorn,0
sindresorhus,PullRequestEvent,2026-06-14T22:33:53Z,sindresorhus/eslint-plugin-unicorn,0
sindresorhus,PushEvent,2026-06-14T22:33:54Z,sindresorhus/eslint-plugin-unicorn,0
sindresorhus,IssuesEvent,2026-06-14T22:33:54Z,sindresorhus/eslint-plugin-unicorn,0
sindresorhus,PullRequestEvent,2026-06-14T22:32:35Z,sindresorhus/eslint-plugin-unicorn,0
sindresorhus,CreateEvent,2026-06-14T22:32:33Z,sindresorhus/eslint-plugin-unicorn,0
sindresorhus,IssueCommentEvent,2026-06-14T22:26:29Z,sindresorhus/eslint-plugin-unicorn,0
sindresorhus,DeleteEvent,2026-06-14T22:26:11Z,sindresorhus/eslint-plugin-unicorn,0
sindresorhus,PullRequestEvent,2026-06-14T22:26:09Z,sindresorhus/eslint-plugin-unicorn,0
sindresorhus,PushEvent,2026-06-14T22:26:10Z,sindresorhus/eslint-plugin-unicorn,0
sindresorhus,PushEvent,2026-06-14T22:24:14Z,sindresorhus/eslint-plugin-unicorn,0
sindresorhus,DeleteEvent,2026-06-14T22:23:14Z,sindresorhus/eslint-plugin-unicorn,0
sindresorhus,PushEvent,2026-06-14T22:23:13Z,sindresorhus/eslint-plugin-unicorn,0
sindresorhus,IssuesEvent,2026-06-14T22:23:13Z,sindresorhus/eslint-plugin-unicorn,0
sindresorhus,PullRequestEvent,2026-06-14T22:23:12Z,sindresorhus/eslint-plugin-unicorn,0
sindresorhus,DeleteEvent,2026-06-14T22:21:56Z,sindresorhus/eslint-plugin-unicorn,0
sindresorhus,PushEvent,2026-06-14T22:21:54Z,sindresorhus/eslint-plugin-unicorn,0
sindresorhus,IssuesEvent,2026-06-14T22:21:54Z,sindresorhus/eslint-plugin-unicorn,0
sindresorhus,PullRequestEvent,2026-06-14T22:21:53Z,sindresorhus/eslint-plugin-unicorn,0
sindresorhus,PushEvent,2026-06-14T22:20:07Z,sindresorhus/eslint-plugin-unicorn,0
sindresorhus,DeleteEvent,2026-06-14T22:18:07Z,sindresorhus/eslint-plugin-unicorn,0
sindresorhus,PullRequestEvent,2026-06-14T22:18:05Z,sindresorhus/eslint-plugin-unicorn,0
sindresorhus,PushEvent,2026-06-14T22:18:06Z,sindresorhus/eslint-plugin-unicorn,0
sindresorhus,IssuesEvent,2026-06-14T22:18:06Z,sindresorhus/eslint-plugin-unicorn,0
sindresorhus,PullRequestEvent,2026-06-14T22:14:59Z,sindresorhus/eslint-plugin-unicorn,0
sindresorhus,CreateEvent,2026-06-14T22:14:57Z,sindresorhus/eslint-plugin-unicorn,0
sindresorhus,PushEvent,2026-06-14T22:14:36Z,sindresorhus/eslint-plugin-unicorn,0
sindresorhus,PushEvent,2026-06-14T22:10:21Z,sindresorhus/eslint-plugin-unicorn,0
sindresorhus,PushEvent,2026-06-14T22:04:45Z,sindresorhus/eslint-plugin-unicorn,0
sindresorhus,PullRequestEvent,2026-06-14T22:03:15Z,sindresorhus/eslint-plugin-unicorn,0
sindresorhus,CreateEvent,2026-06-14T22:03:13Z,sindresorhus/eslint-plugin-unicorn,0
sindresorhus,PushEvent,2026-06-14T22:01:11Z,sindresorhus/eslint-plugin-unicorn,0
sindresorhus,PullRequestEvent,2026-06-14T22:01:07Z,sindresorhus/eslint-plugin-unicorn,0
sindresorhus,CreateEvent,2026-06-14T22:01:05Z,sindresorhus/eslint-plugin-unicorn,0
sindresorhus,PullRequestEvent,2026-06-14T21:58:32Z,sindresorhus/eslint-plugin-unicorn,0
sindresorhus,CreateEvent,2026-06-14T21:58:31Z,sindresorhus/eslint-plugin-unicorn,0
sindresorhus,PullRequestEvent,2026-06-14T21:57:47Z,sindresorhus/eslint-plugin-unicorn,0
sindresorhus,CreateEvent,2026-06-14T21:57:46Z,sindresorhus/eslint-plugin-unicorn,0
sindresorhus,PullRequestEvent,2026-06-14T21:55:59Z,sindresorhus/eslint-plugin-unicorn,0
sindresorhus,CreateEvent,2026-06-14T21:55:58Z,sindresorhus/eslint-plugin-unicorn,0
sindresorhus,DeleteEvent,2026-06-14T21:52:12Z,sindresorhus/eslint-plugin-unicorn,0
sindresorhus,PushEvent,2026-06-14T21:52:11Z,sindresorhus/eslint-plugin-unicorn,0
sindresorhus,IssuesEvent,2026-06-14T21:52:11Z,sindresorhus/eslint-plugin-unicorn,0
sindresorhus,PullRequestEvent,2026-06-14T21:52:10Z,sindresorhus/eslint-plugin-unicorn,0
sindresorhus,PushEvent,2026-06-14T20:49:10Z,sindresorhus/eslint-plugin-unicorn,0
sindresorhus,PullRequestEvent,2026-06-14T20:44:04Z,sindresorhus/eslint-plugin-unicorn,0
sindresorhus,CreateEvent,2026-06-14T20:44:02Z,sindresorhus/eslint-plugin-unicorn,0
sindresorhus,DeleteEvent,2026-06-14T20:38:26Z,sindresorhus/eslint-plugin-unicorn,0
sindresorhus,PullRequestEvent,2026-06-14T20:38:24Z,sindresorhus/eslint-plugin-unicorn,0
sindresorhus,PushEvent,2026-06-14T20:38:25Z,sindresorhus/eslint-plugin-unicorn,0
sindresorhus,IssuesEvent,2026-06-14T20:31:07Z,sindresorhus/eslint-plugin-unicorn,0
sindresorhus,IssueCommentEvent,2026-06-14T20:31:05Z,sindresorhus/eslint-plugin-unicorn,0
sindresorhus,DeleteEvent,2026-06-14T20:25:19Z,sindresorhus/eslint-plugin-unicorn,0
sindresorhus,PushEvent,2026-06-14T20:25:18Z,sindresorhus/eslint-plugin-unicorn,0
sindresorhus,IssuesEvent,2026-06-14T20:25:18Z,sindresorhus/eslint-plugin-unicorn,0
sindresorhus,PullRequestEvent,2026-06-14T20:25:17Z,sindresorhus/eslint-plugin-unicorn,0
sindresorhus,IssueCommentEvent,2026-06-14T20:22:58Z,sindresorhus/eslint-plugin-unicorn,0
sindresorhus,PullRequestEvent,2026-06-14T20:22:45Z,sindresorhus/eslint-plugin-unicorn,0
sindresorhus,CreateEvent,2026-06-14T20:22:00Z,sindresorhus/eslint-plugin-unicorn,0
JakeWharton,IssuesEvent,2026-06-14T22:30:15Z,sqldelight/sql-psi,0
JakeWharton,DeleteEvent,2026-06-14T15:16:30Z,square/zstd-kmp,0
JakeWharton,PushEvent,2026-06-14T15:16:30Z,square/zstd-kmp,0
JakeWharton,PullRequestReviewEvent,2026-06-14T15:16:28Z,square/zstd-kmp,0
JakeWharton,DeleteEvent,2026-06-14T15:14:47Z,JakeWharton/composeui-lightswitch,0
JakeWharton,PushEvent,2026-06-14T15:14:46Z,JakeWharton/composeui-lightswitch,0
JakeWharton,DeleteEvent,2026-06-14T15:14:38Z,cashapp/molecule,0
JakeWharton,PushEvent,2026-06-14T15:14:36Z,cashapp/molecule,0
JakeWharton,DeleteEvent,2026-06-14T15:14:26Z,JakeWharton/mosaic,0
JakeWharton,PushEvent,2026-06-14T15:14:24Z,JakeWharton/mosaic,0
JakeWharton,PullRequestReviewEvent,2026-06-13T18:13:02Z,JakeWharton/test-distribution-gradle-plugin,0
JakeWharton,PullRequestReviewEvent,2026-06-13T14:10:46Z,sqldelight/sqldelight,0
JakeWharton,PushEvent,2026-06-13T14:06:04Z,JakeWharton/cite,0
JakeWharton,PullRequestReviewEvent,2026-06-13T13:59:10Z,JakeWharton/cite,0
JakeWharton,PullRequestEvent,2026-04-10T04:11:56Z,square/okio,0
JakeWharton,IssuesEvent,2026-06-13T02:36:39Z,square/okio,0
JakeWharton,PushEvent,2026-06-13T02:36:38Z,square/okio,0
JakeWharton,PullRequestReviewEvent,2026-06-13T02:06:34Z,square/okio,0
JakeWharton,PullRequestReviewCommentEvent,2026-06-13T02:06:31Z,square/okio,0
JakeWharton,IssuesEvent,2026-06-13T01:56:12Z,JakeWharton/test-distribution-gradle-plugin,0
JakeWharton,PullRequestReviewEvent,2026-06-12T20:46:53Z,square/kotlinpoet,0
JakeWharton,PullRequestReviewCommentEvent,2026-06-12T20:46:40Z,square/kotlinpoet,0
JakeWharton,PushEvent,2026-06-12T19:56:37Z,sqldelight/sqldelight,0
JakeWharton,DeleteEvent,2026-06-12T19:10:36Z,sqldelight/sqldelight,0
JakeWharton,PushEvent,2026-06-12T19:10:34Z,sqldelight/sqldelight,0
JakeWharton,PullRequestReviewEvent,2026-06-12T19:10:28Z,sqldelight/sqldelight,0
JakeWharton,PushEvent,2026-06-12T17:26:28Z,square/zstd-kmp,0
JakeWharton,DeleteEvent,2026-06-12T17:26:28Z,square/zstd-kmp,0
JakeWharton,PullRequestReviewEvent,2026-06-12T17:26:25Z,square/zstd-kmp,0
JakeWharton,IssuesEvent,2026-06-12T13:20:10Z,sqldelight/sqldelight,0
JakeWharton,IssuesEvent,2026-06-12T13:20:10Z,sqldelight/sqldelight,0
JakeWharton,IssuesEvent,2026-06-12T13:20:10Z,sqldelight/sqldelight,0
JakeWharton,IssuesEvent,2026-06-12T01:52:05Z,sqldelight/sqldelight,0
JakeWharton,DeleteEvent,2026-06-12T00:39:52Z,JakeWharton/prerelease-testing,0
JakeWharton,PushEvent,2026-06-12T00:39:51Z,JakeWharton/prerelease-testing,0
JakeWharton,DeleteEvent,2026-06-11T23:35:49Z,JakeWharton/diffuse,0
JakeWharton,PushEvent,2026-06-11T23:35:48Z,JakeWharton/diffuse,0
JakeWharton,IssuesEvent,2026-06-11T02:47:33Z,sqldelight/sqldelight,0
JakeWharton,IssuesEvent,2026-06-11T02:47:33Z,sqldelight/sqldelight,0
JakeWharton,IssuesEvent,2026-06-11T02:47:32Z,sqldelight/sqldelight,0
JakeWharton,DeleteEvent,2026-06-11T01:39:22Z,JakeWharton/prerelease-testing,0
JakeWharton,PushEvent,2026-06-11T01:39:21Z,JakeWharton/prerelease-testing,0
JakeWharton,PullRequestEvent,2026-06-11T01:39:20Z,JakeWharton/prerelease-testing,0
JakeWharton,PushEvent,2026-06-11T01:33:53Z,square/moshi,0
JakeWharton,PullRequestReviewEvent,2026-06-11T01:31:58Z,square/moshi,0
JakeWharton,PushEvent,2026-06-11T00:59:42Z,JakeWharton/multiproject-refactors,0
JakeWharton,PullRequestEvent,2026-06-11T00:59:16Z,JakeWharton/prerelease-testing,0
JakeWharton,CreateEvent,2026-06-11T00:59:04Z,JakeWharton/prerelease-testing,0
JakeWharton,PullRequestReviewEvent,2026-06-10T13:34:59Z,square/wire,0
JakeWharton,DeleteEvent,2026-06-10T04:05:50Z,square/zstd-kmp,0
JakeWharton,PushEvent,2026-06-10T04:05:49Z,square/zstd-kmp,0
JakeWharton,PullRequestReviewEvent,2026-06-10T04:05:43Z,square/zstd-kmp,0
JakeWharton,PushEvent,2026-06-10T03:36:34Z,JakeWharton/cite,0
JakeWharton,DeleteEvent,2026-06-10T02:50:22Z,JakeWharton/qbt-orphaned-downloads,0
JakeWharton,PushEvent,2026-06-10T02:50:20Z,JakeWharton/qbt-orphaned-downloads,0
JakeWharton,PullRequestReviewEvent,2026-06-10T01:39:26Z,square/okio,0
JakeWharton,PullRequestReviewEvent,2026-06-10T01:39:26Z,square/okio,0
JakeWharton,PullRequestReviewCommentEvent,2026-06-10T01:39:02Z,square/okio,0
JakeWharton,DeleteEvent,2026-06-10T00:53:36Z,JakeWharton/radarr-folder-fixer,0
JakeWharton,PushEvent,2026-06-10T00:53:35Z,JakeWharton/radarr-folder-fixer,0
JakeWharton,DeleteEvent,2026-06-10T00:53:23Z,JakeWharton/plex-orphaned-files,0
JakeWharton,PushEvent,2026-06-10T00:53:21Z,JakeWharton/plex-orphaned-files,0
JakeWharton,DeleteEvent,2026-06-10T00:15:20Z,JakeWharton/hardcover-data-sync,0
JakeWharton,PushEvent,2026-06-10T00:15:19Z,JakeWharton/hardcover-data-sync,0
JakeWharton,DeleteEvent,2026-06-10T00:15:13Z,JakeWharton/jakewharton.com,0
JakeWharton,PushEvent,2026-06-10T00:15:11Z,JakeWharton/jakewharton.com,0
JakeWharton,DeleteEvent,2026-06-10T00:15:05Z,JakeWharton/dependency-watch,0
JakeWharton,PushEvent,2026-06-10T00:15:04Z,JakeWharton/dependency-watch,0
JakeWharton,DeleteEvent,2026-06-10T00:14:58Z,JakeWharton/PosterBox,0
JakeWharton,PushEvent,2026-06-10T00:14:57Z,JakeWharton/PosterBox,0
JakeWharton,DeleteEvent,2026-06-10T00:14:37Z,JakeWharton/plex-auto-trash,0
JakeWharton,PushEvent,2026-06-10T00:14:36Z,JakeWharton/plex-auto-trash,0
JakeWharton,DeleteEvent,2026-06-10T00:14:29Z,JakeWharton/gitout,0
JakeWharton,PushEvent,2026-06-10T00:14:28Z,JakeWharton/gitout,0
JakeWharton,PullRequestReviewEvent,2026-06-09T20:02:02Z,square/wire,0
JakeWharton,DeleteEvent,2026-06-09T04:04:22Z,cashapp/licensee,0
JakeWharton,PushEvent,2026-06-09T04:04:21Z,cashapp/licensee,0
JakeWharton,DeleteEvent,2026-06-09T03:49:58Z,cashapp/licensee,0
JakeWharton,PushEvent,2026-06-09T03:49:57Z,cashapp/licensee,0
JakeWharton,PushEvent,2026-06-09T03:38:02Z,cashapp/licensee,0
JakeWharton,PullRequestReviewEvent,2026-06-09T03:09:41Z,square/okhttp,0
JakeWharton,DeleteEvent,2026-06-09T01:00:25Z,cashapp/molecule,0
JakeWharton,PushEvent,2026-06-09T01:00:25Z,cashapp/molecule,0
JakeWharton,DeleteEvent,2026-06-09T00:03:00Z,JakeWharton/plex-orphaned-files,0
JakeWharton,PushEvent,2026-06-09T00:02:59Z,JakeWharton/plex-orphaned-files,0
JakeWharton,DeleteEvent,2026-06-09T00:02:52Z,JakeWharton/dependency-watch,0
JakeWharton,PushEvent,2026-06-09T00:02:51Z,JakeWharton/dependency-watch,0
JakeWharton,DeleteEvent,2026-06-08T22:53:50Z,JakeWharton/plex-auto-trash,0
JakeWharton,PushEvent,2026-06-08T22:53:49Z,JakeWharton/plex-auto-trash,0
JakeWharton,DeleteEvent,2026-06-08T22:53:04Z,JakeWharton/dumbo,0
JakeWharton,PushEvent,2026-06-08T22:53:03Z,JakeWharton/dumbo,0
JakeWharton,DeleteEvent,2026-06-08T22:52:51Z,JakeWharton/gitout,0
JakeWharton,PushEvent,2026-06-08T22:52:49Z,JakeWharton/gitout,0
JakeWharton,DeleteEvent,2026-06-08T21:50:22Z,JakeWharton/hardcover-data-sync,0
JakeWharton,PushEvent,2026-06-08T21:50:21Z,JakeWharton/hardcover-data-sync,0
JakeWharton,DeleteEvent,2026-06-08T21:50:14Z,JakeWharton/radarr-folder-fixer,0
JakeWharton,PushEvent,2026-06-08T21:50:12Z,JakeWharton/radarr-folder-fixer,0
JakeWharton,PullRequestReviewEvent,2026-06-08T21:49:58Z,square/okhttp,0
JakeWharton,PullRequestReviewEvent,2026-06-08T21:30:30Z,square/okhttp,0
JakeWharton,DeleteEvent,2026-06-08T21:29:51Z,JakeWharton/jakewharton.com,0
yyx990803,DeleteEvent,2026-05-27T18:33:07Z,oxc-project/monitor-oxc,0
yyx990803,PullRequestEvent,2026-05-27T18:33:04Z,oxc-project/monitor-oxc,0
yyx990803,PushEvent,2026-05-27T18:33:05Z,oxc-project/monitor-oxc,0
yyx990803,PullRequestEvent,2026-05-27T18:32:53Z,oxc-project/monitor-oxc,0
yyx990803,CreateEvent,2026-05-27T18:32:39Z,oxc-project/monitor-oxc,0
yyx990803,PushEvent,2026-05-20T13:04:09Z,vuejs/docs,0
antirez,IssueCommentEvent,2026-06-15T07:33:43Z,antirez/ds4,0
antirez,PushEvent,2026-06-15T07:30:00Z,antirez/ds4,0
antirez,IssueCommentEvent,2026-06-14T18:37:55Z,antirez/ds4,0
antirez,IssueCommentEvent,2026-06-14T11:53:59Z,antirez/ds4,0
antirez,IssueCommentEvent,2026-06-14T11:20:47Z,antirez/ds4,0
antirez,IssueCommentEvent,2026-06-13T22:12:29Z,antirez/ds4,0
antirez,IssueCommentEvent,2026-06-13T22:11:17Z,antirez/ds4,0
antirez,IssueCommentEvent,2026-06-13T07:36:19Z,antirez/ds4,0
antirez,IssueCommentEvent,2026-06-12T13:26:57Z,antirez/ds4,0
antirez,IssueCommentEvent,2026-06-11T14:59:24Z,antirez/ds4,0
antirez,IssueCommentEvent,2026-06-11T09:59:44Z,antirez/ds4,0
antirez,IssueCommentEvent,2026-06-11T08:23:28Z,antirez/ds4,0
antirez,PushEvent,2026-06-11T08:22:46Z,antirez/ds4,0
antirez,IssueCommentEvent,2026-06-11T04:26:35Z,antirez/ds4,0
antirez,IssueCommentEvent,2026-06-11T04:12:11Z,antirez/ds4,0
antirez,IssueCommentEvent,2026-06-10T18:38:09Z,antirez/ds4,0
antirez,IssueCommentEvent,2026-06-10T18:37:38Z,antirez/ds4,0
antirez,IssuesEvent,2026-06-10T18:37:39Z,antirez/ds4,0
antirez,PushEvent,2026-06-10T18:37:20Z,antirez/ds4,0
antirez,IssuesEvent,2026-06-10T17:59:37Z,antirez/ds4,0
antirez,IssuesEvent,2026-06-10T17:59:37Z,antirez/ds4,0
antirez,IssuesEvent,2026-06-10T17:59:37Z,antirez/ds4,0
antirez,IssueCommentEvent,2026-06-10T06:52:07Z,antirez/ds4,0
antirez,IssueCommentEvent,2026-06-10T06:47:20Z,antirez/ds4,0
antirez,IssueCommentEvent,2026-06-10T06:43:45Z,antirez/ds4,0
antirez,PushEvent,2026-06-10T06:43:05Z,antirez/ds4,0
antirez,IssuesEvent,2026-06-09T17:03:35Z,antirez/ds4,0
antirez,IssueCommentEvent,2026-06-09T17:01:49Z,antirez/ds4,0
antirez,IssueCommentEvent,2026-06-09T16:59:09Z,antirez/ds4,0
antirez,PushEvent,2026-06-09T16:59:02Z,antirez/ds4,0
antirez,IssueCommentEvent,2026-06-09T14:52:10Z,antirez/ds4,0
antirez,PullRequestEvent,2026-06-08T18:50:20Z,antirez/ds4,0
antirez,IssueCommentEvent,2026-06-09T14:44:22Z,antirez/ds4,0
antirez,PushEvent,2026-06-09T14:44:17Z,antirez/ds4,0
antirez,IssuesEvent,2026-06-09T14:13:55Z,antirez/ds4,0
antirez,PullRequestEvent,2026-06-09T14:13:53Z,antirez/ds4,0
antirez,PushEvent,2026-06-09T14:13:52Z,antirez/ds4,0
antirez,IssueCommentEvent,2026-06-09T11:05:53Z,antirez/ds4,0
antirez,IssueCommentEvent,2026-06-09T07:47:29Z,antirez/ds4,0
antirez,IssueCommentEvent,2026-06-09T07:18:59Z,antirez/ds4,0
antirez,IssueCommentEvent,2026-06-09T06:47:08Z,antirez/ds4,0
antirez,IssueCommentEvent,2026-06-08T15:15:23Z,antirez/ds4,0
antirez,IssueCommentEvent,2026-06-08T14:04:35Z,antirez/ds4,0
antirez,PullRequestEvent,2026-06-07T04:19:16Z,antirez/ds4,0
antirez,DeleteEvent,2026-06-08T14:04:17Z,antirez/ds4,0
antirez,PullRequestEvent,2026-06-08T13:34:02Z,antirez/ds4,0
antirez,PullRequestEvent,2026-06-08T07:46:28Z,antirez/ds4,0
antirez,PullRequestEvent,2026-06-08T07:46:28Z,antirez/ds4,0
antirez,PullRequestEvent,2026-06-08T07:46:28Z,antirez/ds4,0
antirez,PullRequestEvent,2026-06-08T07:46:28Z,antirez/ds4,0
antirez,PullRequestEvent,2026-06-08T07:46:28Z,antirez/ds4,0
antirez,PullRequestEvent,2026-06-08T07:46:28Z,antirez/ds4,0
antirez,PullRequestEvent,2026-06-08T07:46:28Z,antirez/ds4,0
antirez,DeleteEvent,2026-06-08T14:03:56Z,antirez/ds4,0
antirez,PushEvent,2026-06-08T14:03:27Z,antirez/ds4,0
antirez,IssueCommentEvent,2026-06-08T13:26:43Z,antirez/ds4,0
antirez,IssueCommentEvent,2026-06-08T13:08:21Z,antirez/ds4,0
antirez,IssueCommentEvent,2026-06-08T13:00:08Z,antirez/ds4,0
antirez,PushEvent,2026-06-08T12:57:05Z,antirez/ds4,0
antirez,IssueCommentEvent,2026-06-08T11:47:16Z,antirez/ds4,0
antirez,IssueCommentEvent,2026-06-08T09:34:20Z,antirez/ds4,0
antirez,IssueCommentEvent,2026-06-08T09:33:16Z,antirez/ds4,0
antirez,IssueCommentEvent,2026-06-08T09:12:32Z,antirez/ds4,0
antirez,IssueCommentEvent,2026-06-08T08:18:54Z,antirez/ds4,0
antirez,IssueCommentEvent,2026-06-08T08:17:54Z,antirez/ds4,0
antirez,IssueCommentEvent,2026-06-08T07:46:57Z,antirez/ds4,0
antirez,PushEvent,2026-06-08T07:46:27Z,antirez/ds4,0
antirez,IssueCommentEvent,2026-06-08T07:02:21Z,antirez/ds4,0
antirez,IssueCommentEvent,2026-06-08T06:08:34Z,antirez/ds4,0
antirez,IssueCommentEvent,2026-06-07T07:04:42Z,antirez/ds4,0
antirez,PushEvent,2026-06-06T11:32:10Z,antirez/ds4,0
antirez,IssueCommentEvent,2026-06-06T10:18:04Z,antirez/ds4,0
antirez,IssueCommentEvent,2026-06-06T09:39:23Z,antirez/ds4,0
antirez,PushEvent,2026-06-05T11:44:06Z,antirez/ds4,0
antirez,PushEvent,2026-06-05T10:19:54Z,antirez/ds4,0
antirez,IssueCommentEvent,2026-06-05T09:35:38Z,antirez/ds4,0
antirez,IssueCommentEvent,2026-06-05T09:35:51Z,antirez/ds4,0
antirez,PushEvent,2026-06-05T09:35:36Z,antirez/ds4,0
antirez,IssuesEvent,2026-06-05T09:36:03Z,antirez/ds4,0
antirez,IssuesEvent,2026-06-05T09:35:39Z,antirez/ds4,0
antirez,IssueCommentEvent,2026-06-05T06:53:07Z,antirez/ds4,0
antirez,IssueCommentEvent,2026-06-05T06:47:38Z,antirez/ds4,0
antirez,IssuesEvent,2026-06-05T06:45:31Z,antirez/ds4,0
antirez,IssueCommentEvent,2026-06-05T06:45:22Z,antirez/ds4,0
antirez,PushEvent,2026-06-05T06:45:06Z,antirez/ds4,0
antirez,IssuesEvent,2026-06-05T06:35:34Z,antirez/ds4,0
antirez,IssuesEvent,2026-06-04T22:09:27Z,antirez/ds4,0
antirez,CreateEvent,2026-06-04T21:00:03Z,antirez/ds4,0
antirez,PushEvent,2026-06-02T07:46:29Z,antirez/ds4,0
antirez,IssueCommentEvent,2026-05-31T09:42:32Z,RsyncProject/rsync,0
antirez,IssueCommentEvent,2026-05-30T22:04:09Z,antirez/ds4,0
antirez,IssueCommentEvent,2026-05-30T15:54:14Z,antirez/ds4,0
antirez,PushEvent,2026-05-30T15:53:33Z,antirez/ds4,0
antirez,IssuesEvent,2026-05-30T15:53:33Z,antirez/ds4,0
antirez,IssueCommentEvent,2026-05-30T15:42:21Z,antirez/ds4,0
antirez,IssueCommentEvent,2026-05-30T14:46:42Z,antirez/ds4,0
antirez,IssueCommentEvent,2026-05-30T13:58:33Z,antirez/ds4,0
antirez,PushEvent,2026-05-30T10:56:19Z,antirez/ds4,0
antirez,IssueCommentEvent,2026-05-29T21:06:47Z,antirez/ds4,0
antirez,IssuesEvent,2026-05-29T21:06:48Z,antirez/ds4,0
mdo,PushEvent,2026-06-14T21:41:10Z,twbs/bootstrap,0
mdo,PushEvent,2026-06-14T05:44:24Z,twbs/bootstrap,0
mdo,PullRequestEvent,2026-06-14T05:30:14Z,twbs/bootstrap,0
mdo,CreateEvent,2026-06-14T05:30:03Z,twbs/bootstrap,0
mdo,CreateEvent,2026-06-14T05:03:04Z,twbs/bootstrap,0
mdo,PullRequestEvent,2026-06-13T05:37:42Z,twbs/bootstrap,0
mdo,CreateEvent,2026-06-13T05:37:00Z,twbs/bootstrap,0
mdo,PullRequestEvent,2024-03-05T19:30:18Z,twbs/bootstrap,0
mdo,PullRequestEvent,2026-06-06T05:06:22Z,twbs/bootstrap,0
mdo,PushEvent,2026-06-12T20:54:53Z,pierrecomputer/pierre,0
mdo,PullRequestEvent,2026-06-12T18:30:02Z,twbs/bootstrap,0
mdo,PullRequestEvent,2026-06-12T18:30:02Z,twbs/bootstrap,0
mdo,PullRequestEvent,2026-06-12T18:30:01Z,twbs/bootstrap,0
mdo,CreateEvent,2026-06-12T18:29:36Z,twbs/bootstrap,0
mdo,IssueCommentEvent,2026-06-12T17:34:52Z,pierrecomputer/pierre,0
mdo,IssueCommentEvent,2026-06-12T05:07:38Z,pierrecomputer/pierre,0
mdo,PushEvent,2026-06-12T05:06:15Z,pierrecomputer/pierre,0
mdo,DeleteEvent,2026-06-12T04:24:32Z,twbs/bootstrap,0
mdo,PushEvent,2026-06-12T04:24:31Z,twbs/bootstrap,0
mdo,PullRequestEvent,2026-06-12T04:24:29Z,twbs/bootstrap,0
mdo,PushEvent,2026-06-12T02:43:15Z,twbs/bootstrap,0
mdo,PushEvent,2026-06-11T22:55:21Z,pierrecomputer/pierre,0
mdo,IssueCommentEvent,2026-06-11T22:54:57Z,pierrecomputer/pierre,0
mdo,PushEvent,2026-06-11T21:57:08Z,pierrecomputer/pierre,0
mdo,PullRequestReviewEvent,2026-06-11T21:53:36Z,pierrecomputer/pierre,0
mdo,PushEvent,2026-06-11T21:20:36Z,pierrecomputer/pierre,0
mdo,PushEvent,2026-06-11T21:18:33Z,twbs/bootstrap,0
mdo,PushEvent,2026-06-11T21:17:53Z,twbs/bootstrap,0
mdo,PushEvent,2026-06-11T20:28:35Z,pierrecomputer/pierre,0
mdo,PushEvent,2026-06-11T19:58:04Z,pierrecomputer/pierre,0
mdo,PullRequestEvent,2026-06-11T18:57:06Z,twbs/bootstrap,0
mdo,PullRequestEvent,2026-06-11T18:57:06Z,twbs/bootstrap,0
mdo,DeleteEvent,2026-06-11T18:57:06Z,twbs/bootstrap,0
mdo,PushEvent,2026-06-11T18:57:05Z,twbs/bootstrap,0
mdo,PullRequestEvent,2026-06-11T18:57:04Z,twbs/bootstrap,0
mdo,PushEvent,2026-06-11T18:50:21Z,twbs/bootstrap,0
mdo,PushEvent,2026-06-11T18:41:48Z,twbs/bootstrap,0
mdo,PushEvent,2026-06-11T18:01:24Z,twbs/bootstrap,0
mdo,PullRequestEvent,2026-06-11T16:58:16Z,twbs/bootstrap,0
mdo,PullRequestEvent,2026-06-11T16:58:16Z,twbs/bootstrap,0
mdo,PullRequestEvent,2026-06-11T16:58:16Z,twbs/bootstrap,0
mdo,PullRequestEvent,2026-06-11T16:58:15Z,twbs/bootstrap,0
mdo,CreateEvent,2026-06-11T16:57:38Z,twbs/bootstrap,0
mdo,DeleteEvent,2026-06-11T16:56:41Z,twbs/bootstrap,0
mdo,PushEvent,2026-06-11T16:56:40Z,twbs/bootstrap,0
mdo,PullRequestEvent,2026-06-11T16:56:39Z,twbs/bootstrap,0
mdo,PushEvent,2026-06-11T16:52:43Z,twbs/bootstrap,0
mdo,DeleteEvent,2026-06-11T16:48:30Z,twbs/bootstrap,0
mdo,PullRequestEvent,2026-06-11T16:48:28Z,twbs/bootstrap,0
mdo,PushEvent,2026-06-11T16:48:29Z,twbs/bootstrap,0
mdo,IssueCommentEvent,2026-06-11T16:48:24Z,twbs/bootstrap,0
mdo,PushEvent,2026-06-11T16:47:33Z,twbs/bootstrap,0
mdo,DeleteEvent,2026-06-11T16:47:02Z,twbs/bootstrap,0
mdo,PullRequestEvent,2026-06-11T16:46:59Z,twbs/bootstrap,0
mdo,PushEvent,2026-06-11T16:47:00Z,twbs/bootstrap,0
mdo,IssueCommentEvent,2026-06-11T16:46:41Z,twbs/bootstrap,0
mdo,PushEvent,2026-06-11T16:44:38Z,twbs/bootstrap,0
mdo,PullRequestEvent,2026-06-11T03:30:16Z,twbs/bootstrap,0
mdo,PullRequestEvent,2026-06-11T03:30:16Z,twbs/bootstrap,0
mdo,PullRequestEvent,2026-06-11T03:35:45Z,twbs/bootstrap,0
mdo,IssueCommentEvent,2026-06-11T04:39:32Z,twbs/bootstrap,0
mdo,PullRequestEvent,2026-06-11T04:35:08Z,twbs/bootstrap,0
mdo,PullRequestEvent,2026-06-11T04:35:08Z,twbs/bootstrap,0
mdo,PushEvent,2026-06-11T04:35:07Z,twbs/bootstrap,0
mdo,PushEvent,2026-06-11T04:07:57Z,pierrecomputer/pierre,0
mdo,PushEvent,2026-06-11T03:58:54Z,twbs/bootstrap,0
mdo,PullRequestReviewEvent,2026-06-11T03:51:22Z,twbs/bootstrap,0
mdo,IssueCommentEvent,2026-06-11T03:50:51Z,twbs/bootstrap,0
mdo,PullRequestEvent,2026-06-10T20:59:40Z,twbs/bootstrap,0
mdo,CreateEvent,2026-06-11T03:36:48Z,twbs/bootstrap,0
mdo,PullRequestEvent,2026-06-11T03:36:49Z,twbs/bootstrap,0
mdo,PullRequestEvent,2026-06-11T03:35:45Z,twbs/bootstrap,0
mdo,CreateEvent,2026-06-11T03:35:37Z,twbs/bootstrap,0
mdo,PushEvent,2026-06-11T03:30:13Z,twbs/bootstrap,0
mdo,PullRequestEvent,2026-06-11T03:21:43Z,twbs/bootstrap,0
mdo,CreateEvent,2026-06-11T03:21:03Z,twbs/bootstrap,0
mdo,PullRequestEvent,2026-06-05T15:14:53Z,twbs/bootstrap,0
mdo,PullRequestEvent,2026-06-05T15:14:53Z,twbs/bootstrap,0
mdo,PushEvent,2026-06-10T03:55:44Z,twbs/bootstrap,0
mdo,PullRequestEvent,2026-06-09T23:35:37Z,pierrecomputer/pierre,0
mdo,CreateEvent,2026-06-09T23:34:03Z,pierrecomputer/pierre,0
mdo,PushEvent,2026-06-09T22:20:30Z,twbs/bootstrap,0
mdo,PullRequestEvent,2026-06-09T18:07:40Z,twbs/bootstrap,0
mdo,PullRequestEvent,2026-06-09T18:07:40Z,twbs/bootstrap,0
mdo,PullRequestEvent,2026-06-09T18:07:40Z,twbs/bootstrap,0
mdo,PushEvent,2026-06-09T18:07:39Z,twbs/bootstrap,0
mdo,PushEvent,2026-06-09T15:47:30Z,twbs/bootstrap,0
mdo,PushEvent,2026-06-09T05:40:00Z,twbs/bootstrap,0
mdo,PullRequestReviewEvent,2026-06-08T19:09:20Z,pierrecomputer/theme,0
mdo,DeleteEvent,2026-06-08T17:59:41Z,pierrecomputer/pierre,0
mdo,PushEvent,2026-06-08T17:59:40Z,pierrecomputer/pierre,0
mdo,PullRequestEvent,2026-06-08T17:59:38Z,pierrecomputer/pierre,0
mdo,PushEvent,2026-06-08T17:54:22Z,pierrecomputer/pierre,0
mdo,PushEvent,2026-06-08T16:53:28Z,pierrecomputer/pierre,0
mdo,PullRequestEvent,2026-06-08T05:02:13Z,twbs/bootstrap,0
mdo,CreateEvent,2026-06-08T05:01:26Z,twbs/bootstrap,0
mdo,PullRequestReviewEvent,2026-06-08T01:59:22Z,twbs/bootstrap,0
mdo,PullRequestEvent,2026-06-06T03:03:17Z,twbs/bootstrap,0
mdo,CreateEvent,2026-06-06T03:03:07Z,twbs/bootstrap,0
mdo,PullRequestReviewEvent,2026-06-05T15:22:08Z,pierrecomputer/pierre,0
dhh,PushEvent,2026-06-08T15:48:12Z,basecamp/omarchy,0
dhh,PushEvent,2026-06-08T15:23:03Z,basecamp/omarchy,0
dhh,PushEvent,2026-06-08T14:56:55Z,basecamp/omarchy,0
dhh,PullRequestReviewEvent,2026-06-08T14:46:00Z,basecamp/omarchy,0
dhh,PullRequestReviewCommentEvent,2026-06-08T14:45:58Z,basecamp/omarchy,0
dhh,PushEvent,2026-06-08T14:44:20Z,basecamp/omarchy,0
dhh,PushEvent,2026-06-08T14:41:59Z,basecamp/omarchy,0
dhh,PushEvent,2026-06-08T14:40:57Z,basecamp/omarchy,0
dhh,PushEvent,2026-06-08T14:38:19Z,basecamp/omarchy,0
dhh,PushEvent,2026-06-08T14:36:55Z,basecamp/omarchy,0
dhh,PushEvent,2026-06-08T14:36:06Z,basecamp/omarchy,0
dhh,PushEvent,2026-06-08T14:34:11Z,omacom-io/omarchy-pkgs,0
dhh,PushEvent,2026-06-08T14:28:57Z,basecamp/omarchy,0
dhh,CreateEvent,2026-06-08T14:25:53Z,basecamp/omarchy,0
dhh,IssueCommentEvent,2026-06-08T14:18:33Z,basecamp/omarchy,0
dhh,IssueCommentEvent,2026-06-08T14:04:04Z,basecamp/omarchy,0
dhh,PullRequestEvent,2026-06-06T04:34:12Z,basecamp/omarchy,0
dhh,IssueCommentEvent,2026-06-08T14:02:27Z,basecamp/omarchy,0
dhh,PullRequestEvent,2026-06-06T10:24:15Z,basecamp/omarchy,0
dhh,IssueCommentEvent,2026-06-08T14:01:45Z,basecamp/omarchy,0
dhh,IssueCommentEvent,2026-06-08T14:00:36Z,basecamp/omarchy,0
dhh,PullRequestEvent,2026-06-06T10:26:09Z,basecamp/omarchy,0
dhh,IssueCommentEvent,2026-06-08T13:57:43Z,basecamp/omarchy,0
dhh,IssueCommentEvent,2026-06-08T13:56:25Z,basecamp/omarchy,0
dhh,PushEvent,2026-06-08T13:50:12Z,omacom-io/omarchy-pkgs,0
dhh,PushEvent,2026-06-07T18:58:10Z,basecamp/omarchy,0
dhh,PushEvent,2026-06-06T16:03:41Z,basecamp/omarchy,0
dhh,PushEvent,2026-06-06T15:21:12Z,basecamp/omarchy,0
dhh,PullRequestEvent,2026-06-06T15:02:59Z,omacom-io/omarchy-pkgs,0
dhh,PushEvent,2026-06-06T13:49:25Z,basecamp/omarchy,0
dhh,PushEvent,2026-06-04T09:15:59Z,basecamp/omarchy,0
dhh,PushEvent,2026-06-03T13:37:29Z,basecamp/kamal,0
dhh,PushEvent,2026-06-03T13:06:06Z,omacom-io/omaterm,0
dhh,PushEvent,2026-06-03T12:48:50Z,basecamp/omarchy,0
dhh,PushEvent,2026-06-03T12:00:24Z,omacom-io/omaterm,0
dhh,PushEvent,2026-06-03T12:00:10Z,omacom-io/omaterm,0
dhh,PushEvent,2026-06-03T11:59:35Z,basecamp/omarchy,0
dhh,PushEvent,2026-06-03T11:42:49Z,omacom-io/omaterm,0
dhh,PushEvent,2026-06-03T11:11:37Z,basecamp/omarchy,0
dhh,PushEvent,2026-06-03T09:31:07Z,omacom-io/omaterm,0
dhh,PushEvent,2026-06-03T09:27:13Z,basecamp/omarchy,0
dhh,PushEvent,2026-06-03T06:23:35Z,basecamp/omarchy,0
dhh,PushEvent,2026-06-03T05:56:51Z,basecamp/omarchy,0
dhh,PushEvent,2026-06-02T18:21:05Z,omacom-io/omaterm,0
dhh,PushEvent,2026-06-02T18:19:02Z,omacom-io/omaterm,0
dhh,PushEvent,2026-06-02T18:01:01Z,omacom-io/omaterm,0
dhh,PushEvent,2026-06-02T17:56:04Z,omacom-io/omaterm,0
dhh,PushEvent,2026-06-02T17:58:49Z,omacom-io/omaterm,0
dhh,WatchEvent,2026-06-02T13:22:52Z,brianblakely/omarchy-plugins,0
dhh,PushEvent,2026-06-01T19:57:04Z,omacom-io/omaterm,0
dhh,PushEvent,2026-06-01T19:43:31Z,omacom-io/omaterm,0
dhh,PushEvent,2026-06-01T19:20:33Z,omacom-io/omaterm,0
dhh,PushEvent,2026-06-01T18:36:50Z,omacom-io/omaterm,0
dhh,PushEvent,2026-06-01T14:57:32Z,omacom-io/omaterm,0
dhh,PushEvent,2026-06-01T14:56:03Z,omacom-io/omaterm,0
dhh,DeleteEvent,2026-06-01T14:54:26Z,omacom-io/omaterm,0
dhh,PushEvent,2026-06-01T14:25:37Z,omacom-io/omaterm,0
dhh,PushEvent,2026-06-01T13:45:40Z,omacom-io/omaterm,0
dhh,PushEvent,2026-06-01T13:24:49Z,omacom-io/omaterm,0
dhh,PushEvent,2026-06-01T13:22:14Z,omacom-io/omaterm,0
dhh,PushEvent,2026-06-01T13:21:57Z,omacom-io/omaterm,0
dhh,PushEvent,2026-06-01T10:55:42Z,omacom-io/omaterm,0
dhh,PushEvent,2026-06-01T09:59:33Z,basecamp/omarchy,0
dhh,PushEvent,2026-06-01T06:26:31Z,basecamp/omarchy,0
dhh,PushEvent,2026-05-31T17:35:38Z,omacom-io/omaterm,0
dhh,PushEvent,2026-05-31T17:09:52Z,omacom-io/omaterm,0
dhh,PushEvent,2026-05-31T16:56:12Z,omacom-io/omaterm,0
dhh,PushEvent,2026-05-31T16:54:03Z,omacom-io/omaterm,0
dhh,PushEvent,2026-05-31T16:49:51Z,omacom-io/omaterm,0
dhh,PushEvent,2026-05-31T16:15:33Z,omacom-io/omaterm,0
dhh,PushEvent,2026-05-31T15:55:38Z,omacom-io/omaterm,0
dhh,PushEvent,2026-05-31T15:53:13Z,omacom-io/omaterm,0
dhh,PushEvent,2026-05-31T15:40:56Z,omacom-io/omaterm,0
dhh,PushEvent,2026-05-31T15:33:37Z,omacom-io/omaterm,0
dhh,PushEvent,2026-05-31T15:29:50Z,omacom-io/omaterm,0
dhh,PushEvent,2026-05-31T15:14:59Z,omacom-io/omaterm,0
dhh,PushEvent,2026-05-31T15:05:01Z,omacom-io/omaterm,0
dhh,PushEvent,2026-05-31T14:55:04Z,omacom-io/omaterm,0
dhh,PushEvent,2026-05-31T11:16:18Z,omacom-io/omaterm,0
dhh,IssueCommentEvent,2026-05-31T08:01:46Z,basecamp/omarchy,0
dhh,PushEvent,2026-05-31T07:59:33Z,omacom-io/omaterm,0
dhh,PushEvent,2026-05-31T06:51:13Z,omacom-io/omaterm,0
dhh,PushEvent,2026-05-31T06:48:38Z,omacom-io/omaterm,0
dhh,CreateEvent,2026-05-31T06:23:31Z,omacom-io/omaterm,0
dhh,PushEvent,2026-05-30T17:36:36Z,omacom-io/omaterm,0
dhh,PushEvent,2026-05-30T17:28:49Z,omacom-io/omaterm,0
dhh,PushEvent,2026-05-30T17:26:31Z,omacom-io/omaterm,0
dhh,PushEvent,2026-05-30T17:22:14Z,omacom-io/omaterm-site,0
dhh,PushEvent,2026-05-30T17:00:34Z,omacom-io/omaterm,0
dhh,PushEvent,2026-05-30T16:29:06Z,omacom-io/omaterm,0
dhh,PushEvent,2026-05-30T16:28:00Z,omacom-io/omaterm,0
dhh,PushEvent,2026-05-30T15:44:05Z,omacom-io/omaterm,0
dhh,PushEvent,2026-05-30T15:19:15Z,omacom-io/omaterm,0
dhh,PushEvent,2026-05-30T14:37:19Z,omacom-io/omaterm,0
dhh,PushEvent,2026-05-30T05:57:31Z,omacom-io/omaterm,0
dhh,PushEvent,2026-05-29T14:23:20Z,basecamp/omarchy,0
dhh,PushEvent,2026-05-29T13:51:44Z,omacom-io/omaterm,0
dhh,PushEvent,2026-05-29T13:25:42Z,basecamp/omarchy,0
dhh,PushEvent,2026-05-29T13:16:44Z,omacom-io/omaterm,0
dhh,PushEvent,2026-05-29T11:55:24Z,basecamp/omarchy,0
getify,PushEvent,2026-06-15T06:21:03Z,getify/foi-lang,0
getify,PushEvent,2026-06-15T06:19:16Z,getify/foi-lang,0
getify,PushEvent,2026-06-15T06:04:00Z,getify/foi-lang,0
getify,PushEvent,2026-06-15T05:54:41Z,getify/foi-lang,0
getify,PushEvent,2026-06-15T05:20:42Z,getify/foi-lang,0
getify,PushEvent,2026-06-15T03:34:29Z,getify/foi-lang,0
getify,PushEvent,2026-06-14T19:45:17Z,getify/foi-lang,0
getify,PushEvent,2026-06-14T19:42:04Z,getify/foi-lang,0
getify,PushEvent,2026-06-14T19:06:37Z,getify/foi-lang,0
getify,PushEvent,2026-06-14T18:39:36Z,getify/foi-lang,0
getify,PushEvent,2026-06-14T17:48:46Z,getify/foi-lang,0
getify,PushEvent,2026-06-14T16:32:18Z,getify/foi-lang,0
getify,PushEvent,2026-06-14T16:24:12Z,getify/foi-lang,0
getify,PushEvent,2026-06-14T15:54:14Z,getify/foi-lang,0
getify,PushEvent,2026-06-14T15:37:36Z,getify/foi-lang,0
getify,PushEvent,2026-06-14T15:35:26Z,getify/foi-lang,0
getify,PushEvent,2026-06-14T07:59:52Z,getify/foi-lang,0
getify,PushEvent,2026-06-14T07:36:40Z,getify/foi-lang,0
getify,PushEvent,2026-06-14T07:17:06Z,getify/foi-lang,0
getify,PushEvent,2026-06-14T06:27:17Z,getify/foi-lang,0
getify,PushEvent,2026-06-14T04:15:36Z,getify/foi-lang,0
getify,PushEvent,2026-06-14T04:04:02Z,getify/foi-lang,0
getify,PushEvent,2026-06-14T03:33:17Z,getify/foi-lang,0
getify,PushEvent,2026-06-14T03:02:07Z,getify/foi-lang,0
getify,PushEvent,2026-06-14T02:38:03Z,getify/foi-lang,0
getify,PushEvent,2026-06-14T00:09:45Z,getify/foi-lang,0
getify,PushEvent,2026-06-13T21:00:05Z,getify/foi-lang,0
getify,PushEvent,2026-06-13T20:50:49Z,getify/foi-lang,0
getify,PushEvent,2026-06-13T20:37:52Z,getify/foi-lang,0
getify,PushEvent,2026-06-13T19:55:52Z,getify/foi-lang,0
getify,WatchEvent,2026-06-13T07:54:22Z,gql-x/Composer,0
getify,PushEvent,2026-06-13T07:53:25Z,getify/foi-lang,0
getify,PushEvent,2026-06-13T02:53:57Z,getify/foi-lang,0
getify,PushEvent,2026-06-12T21:14:40Z,getify/foi-lang,0
getify,PushEvent,2026-06-12T20:18:29Z,getify/foi-lang,0
getify,PushEvent,2026-06-12T19:35:32Z,getify/foi-lang,0
getify,PushEvent,2026-06-12T19:13:11Z,getify/foi-lang,0
getify,PushEvent,2026-06-12T18:23:12Z,getify/foi-lang,0
getify,PushEvent,2026-06-12T18:20:12Z,getify/foi-lang,0
getify,PushEvent,2026-06-12T18:09:19Z,getify/foi-lang,0
getify,PushEvent,2026-06-12T18:00:57Z,getify/foi-lang,0
getify,PushEvent,2026-06-12T06:23:08Z,getify/foi-lang,0
getify,PushEvent,2026-06-12T05:34:13Z,getify/foi-lang,0
getify,PushEvent,2026-06-12T05:10:08Z,getify/foi-lang,0
getify,PushEvent,2026-06-12T04:51:23Z,getify/foi-lang,0
getify,PushEvent,2026-06-12T03:15:46Z,getify/foi-lang,0
getify,PushEvent,2026-06-12T02:37:18Z,getify/foi-lang,0
getify,PushEvent,2026-06-11T23:25:42Z,getify/foi-lang,0
getify,PushEvent,2026-06-11T23:18:58Z,getify/foi-lang,0
getify,PushEvent,2026-06-11T23:18:41Z,getify/foi-lang,0
getify,PushEvent,2026-06-11T22:53:31Z,getify/foi-lang,0
getify,PushEvent,2026-06-11T20:44:21Z,getify/foi-lang,0
getify,PushEvent,2026-06-11T20:06:59Z,getify/foi-lang,0
getify,PushEvent,2026-06-11T16:21:12Z,getify/foi-lang,0
getify,PushEvent,2026-06-11T16:13:50Z,getify/foi-lang,0
getify,PushEvent,2026-06-11T16:12:09Z,getify/foi-lang,0
getify,PushEvent,2026-06-11T06:54:16Z,getify/foi-lang,0
getify,PushEvent,2026-06-11T06:42:45Z,getify/foi-lang,0
getify,PushEvent,2026-06-11T06:16:02Z,getify/foi-lang,0
getify,PushEvent,2026-06-11T06:13:51Z,getify/foi-lang,0
getify,PushEvent,2026-06-11T06:05:56Z,getify/foi-lang,0
getify,PushEvent,2026-06-11T05:50:19Z,getify/foi-lang,0
getify,PushEvent,2026-06-11T05:31:02Z,getify/foi-lang,0
getify,PushEvent,2026-06-11T04:29:21Z,getify/foi-lang,0
getify,PushEvent,2026-06-10T22:26:11Z,getify/foi-lang,0
getify,PushEvent,2026-06-10T22:12:00Z,getify/foi-lang,0
getify,PushEvent,2026-06-10T22:11:23Z,getify/foi-lang,0
getify,PushEvent,2026-06-10T20:15:58Z,getify/foi-lang,0
getify,PushEvent,2026-06-10T20:13:38Z,getify/foi-lang,0
getify,PushEvent,2026-06-10T20:00:35Z,getify/foi-lang,0
getify,PushEvent,2026-06-10T19:38:30Z,getify/foi-lang,0
getify,PushEvent,2026-06-10T18:28:09Z,getify/foi-lang,0
getify,PushEvent,2026-06-10T17:32:50Z,getify/foi-lang,0
getify,PushEvent,2026-06-10T08:07:54Z,getify/foi-lang,0
getify,PushEvent,2026-06-10T07:35:55Z,getify/foi-lang,0
getify,PushEvent,2026-06-10T07:17:10Z,getify/foi-lang,0
getify,PushEvent,2026-06-10T07:16:17Z,getify/foi-lang,0
getify,PushEvent,2026-06-10T06:51:29Z,getify/foi-lang,0
getify,PushEvent,2026-06-10T05:12:13Z,getify/foi-lang,0
getify,PushEvent,2026-06-10T04:42:51Z,getify/foi-lang,0
getify,PushEvent,2026-06-10T03:44:24Z,getify/foi-lang,0
getify,PushEvent,2026-06-10T03:30:51Z,getify/foi-lang,0
getify,PushEvent,2026-06-10T03:17:25Z,getify/foi-lang,0
getify,PushEvent,2026-06-10T00:04:52Z,getify/foi-lang,0
getify,PushEvent,2026-06-09T23:55:17Z,getify/foi-lang,0
getify,PushEvent,2026-06-09T23:49:47Z,getify/foi-lang,0
getify,PushEvent,2026-06-09T23:49:14Z,getify/foi-lang,0
getify,PushEvent,2026-06-09T22:28:48Z,getify/foi-lang,0
getify,PushEvent,2026-06-09T22:28:17Z,getify/foi-lang,0
getify,PushEvent,2026-06-09T21:58:42Z,getify/foi-lang,0
getify,PushEvent,2026-06-09T21:32:58Z,getify/foi-lang,0
getify,PushEvent,2026-06-09T21:25:15Z,getify/foi-lang,0
getify,PushEvent,2026-06-09T21:24:55Z,getify/foi-lang,0
getify,PushEvent,2026-06-09T17:30:26Z,getify/foi-lang,0
getify,WatchEvent,2026-06-09T17:25:21Z,HarryStevens/geometric,0
getify,WatchEvent,2026-06-09T17:24:50Z,micromodal/Micromodal,0
getify,PushEvent,2026-06-09T17:22:02Z,getify/foi-lang,0
getify,PushEvent,2026-06-09T17:21:43Z,getify/foi-lang,0
getify,PushEvent,2026-06-09T17:12:10Z,getify/foi-lang,0
getify,PushEvent,2026-06-09T17:08:22Z,getify/foi-lang,0
